,0
0,-0.012099709859466573
1,-0.06823465937353226
2,0.03547939789107081
3,-0.001845230189162326
4,-0.07194540026955437
5,0.005113871907450047
6,0.03688735195851228
7,-0.03115148628550643
8,0.04823535045630199
9,-0.053601284221069224
10,-0.02155755376959371
11,-0.11428775939201745
12,0.0641518645403542
13,-0.012316590503026616
14,-0.03525060451350807
15,0.0012748124397128986
16,-0.012344329741424093
17,0.05313135522013686
18,0.07262403749002438
19,-0.01958683598579006
20,0.06577698184392562
21,0.11047532222400534
22,-0.00408385243596361
23,0.018590960276804184
24,-0.13452674672314002
25,0.007063279159584757
26,-0.01965167724087627
27,-0.011858687097574528
28,0.00763995867360153
29,0.02384390527052249
30,0.009050759173854468
31,-0.0074813818423625006
32,0.04705263848030707
33,-0.02356831126883045
34,-0.1143277575631435
35,0.0996108282957159
36,0.10049962006797677
37,-0.038280658744361575
38,0.08169694043392936
39,-0.03174067918089664
40,-0.007886496384724929
41,0.0138561420610984
42,0.003474264570658272
43,0.009567448466895827
44,0.027343169612845972
45,0.14564693382717
46,-0.009391998805020252
47,-0.03192960964479654
48,-0.07533350970736488
49,-0.12664213693663548
50,0.011781571475190128
51,0.10042307164297211
52,0.09902591867255683
53,0.0720872731544008
54,0.08028218926372624
55,-0.10161387318774227
56,0.02133601537483295
57,-0.05354625714707447
58,0.042827275275035534
59,0.0976915122703866
60,-0.021485946273277365
61,-0.018460127130732147
62,0.07458732620976728
63,-0.010709288484743163
64,0.05567496538148298
65,0.0953127752114507
66,-0.09101747706490017
67,-0.1255590460210688
68,0.028366016995109416
69,0.033101926917571696
70,0.04120776059914143
71,-0.04217264603399325
72,-0.17076380703122723
73,0.02765580285090314
74,-0.015528137566796092
75,0.0845208145446121
76,0.015878906369116205
77,-0.010735824024464989
78,-0.049607910783390455
79,0.033864150542534534
80,0.022932947754057933
81,-0.05570558130104618
82,-0.11409228314015801
83,0.06553310214537682
84,-0.007305894873382135
85,-0.023135945156798125
86,-0.04358850375407903
87,0.024370247919928742
88,-0.04957586756752688
89,0.03056563632166013
90,-0.03740019950376895
91,-0.08568268285274534
92,0.02369459875597146
93,-0.11458627978169952
94,0.11435332267739169
95,0.027575669207326046
96,-0.01599826417561873
97,0.13522043490509134
98,-0.03384022975475089
99,-0.05215401571966137
100,-0.0519577211627903
101,-0.07149678266073148
102,-0.06703939053277312
103,0.0018271979103942312
104,-0.034430342913255946
105,0.10738041657951361
106,-0.029801130413701762
107,0.04588983413512611
108,0.004939583587489077
109,0.06229928011647013
110,0.046854839954226846
111,0.02000058060848463
112,-0.11521088995526656
113,0.004257239950217254
114,-0.0017008602426103068
115,0.05458292566353997
116,-0.11628645602229486
117,-0.01509090023082879
118,-0.07867994878523735
119,0.0012213809883421084
120,-0.10068443370386793
121,-0.13014091088848495
122,0.014725971116065627
123,0.04658733204516772
124,-0.004230996469539726
125,-0.00904214403223819
126,-0.08150665487586409
127,-0.08727756802622529
128,-0.04922194614884644
129,-0.049236462532530945
130,0.011884100487467039
131,-0.06243349229237481
132,-0.0014220843106754802
133,0.005459306594019173
134,-0.15584683219078818
135,0.0010108924675431125
136,0.07935853558117552
137,-0.006511249302569619
138,-0.03798529705740765
139,0.0828584591764804
140,-0.0518157149823642
141,0.0690678622389724
142,0.015380857700121401
143,-0.04050101723001473
144,0.09161387712405891
145,-0.07629559724508772
146,-0.03076055767240257
147,-0.08585307681618567
148,0.008929201377508734
149,-0.03069634008744453
150,-9.63699822119002e-05
151,0.013925505774467275
152,0.009951292542718215
153,-0.0267625239380619
154,-0.0624043510959534
155,0.09347711561464411
156,-0.05809970781165134
157,-0.04684677544182921
158,-0.058248087630733546
159,-0.03637994247637049
160,0.03696978657853296
161,0.10792343990576295
162,0.1301027366093156
163,-0.026323198582623025
164,0.06939489008956358
165,-0.05855982967018144
166,-0.008245508585839405
167,-0.0899199570421479
168,0.06480593103454585
169,-0.046597210505640946
170,-0.0015598492148779799
171,0.10211642004897943
172,-0.13496922364160244
173,0.004908371983719094
174,-0.05108931271813644
175,0.0035533197965462006
176,-0.04993509362880492
177,-0.03714931648820212
178,-0.06739895594242237
179,0.1283616060515777
180,-0.0006231540100779063
181,0.09969648551113361
182,0.02256753265389755
183,-0.025680569046894464
184,0.09232842025225539
185,-0.0037305372631649372
186,-0.055364993226500916
187,-0.04750603265857857
188,-0.031608877117258544
189,0.046840268936351605
190,0.11521031908242035
191,0.06516568047286234
192,0.01610017392811052
193,-0.0183903931093626
194,0.059449891763294196
195,0.12636245296908843
196,0.025343232004537714
197,-0.07764024436699857
198,-0.050970049244843614
199,-0.1294155274411044
200,-0.04537646338159864
201,-0.03242778647636641
202,-0.009097739838963597
203,-0.07506770859241682
204,-0.060630347188473425
205,0.015101797392330144
206,0.007939451036369068
207,0.023714093663399594
208,0.06085166842438893
209,-0.108926036146822
210,-0.10778002340685923
211,0.029184231906485662
212,0.011483379235883152
213,-0.03817944916756403
214,0.005235957816658221
215,0.08271654903675518
216,-0.013755325783385073
217,0.029418193966674423
218,0.03306369958524234
219,0.02870758199564595
220,0.01526244958007544
221,-0.0878934919285776
222,0.05530700397509066
223,0.007357755576127321
224,0.08140800329965314
225,-0.12216153583836788
226,0.06964156131659908
227,0.04976450287521712
228,0.07261050335109805
229,0.14146086027460425
230,-0.02696348039963354
231,-0.011780793939202732
232,-0.025171612932742796
233,0.04056306529180029
234,0.003119736045637152
235,0.02873316914951068
236,0.09522301305944787
237,-0.02609968713296895
238,0.07325197684515371
239,-0.037589663893492546
240,-0.01099392770913665
241,-0.03966826186777881
242,0.014145924865724727
243,0.022911711242810717
244,-0.01838497273395793
245,0.003521525216952752
246,0.054374510891448666
247,0.01453475775777223
248,0.004306286628425563
249,-0.042878599945472794
250,-0.020566256109844156
251,-0.007702254685687411
252,0.025629150556026138
253,-0.014193115270957169
254,-0.04740973488090689
255,0.04852913684417247
256,-0.11832276382396399
257,0.05991257594488156
258,-0.005116620455418657
259,0.0710716161862754
260,0.04174372137425681
261,0.0888985783442687
262,0.009485147515841936
263,0.027354242151978975
264,0.05445882419289878
265,0.06915859771039042
266,-0.05759683910709572
267,-0.04512198855972359
268,0.015499004599743156
269,-0.13332392201826293
270,0.07533125648519841
271,-0.03158810526916351
272,0.015379725563839779
273,-0.15967222145268553
274,0.05346579141367877
275,0.003090131709280052
276,0.026911765666009634
277,-0.011784249212659288
278,-0.010471339064101649
279,0.030087668653450052
280,0.07513806695567747
281,-0.060534644053154806
282,-0.041088439897114325
283,0.015045627123921452
284,0.07794525614638918
285,0.06754005096850027
286,-0.08003973877035148
287,-0.004562842071080389
288,-0.11185414839782601
289,0.057137080015661305
290,0.02057063822533939
291,-0.02768041818824609
292,0.04959786730325062
293,-0.00125872092883647
294,-0.04578444318883251
295,-0.014699274691722343
296,0.049467755089478586
297,0.027043062296426335
298,-0.08337296851095395
299,-0.012192871015082847
300,0.05894941307237274
301,-0.0631126766280702
302,0.059063637077744584
303,0.0005563760350232817
304,-0.04350449367856633
305,-0.0907572355185132
306,-0.07159874162992771
307,0.04465514067192584
308,-0.046742870982342824
309,-0.015657416703682606
310,-0.056915464590332074
311,0.058950700100632865
312,-0.015792115436464294
313,0.04836304168770924
314,-0.07911933596721753
315,-0.000845357832764499
316,-0.06798030224948381
317,-0.029680561855323157
318,-0.024795653786408085
319,0.008793598643619336
320,-0.09522629413527943
321,-0.07059174089068636
322,0.0776004841674085
323,0.05921460215068401
324,-0.015708101938504297
325,0.0726196943339234
326,0.03155867834952931
327,-0.04074517770671665
328,-0.2454589219502687
329,-0.007659627706814189
330,0.02866171587441216
331,-0.009475474297982145
332,0.052452239813263635
333,0.1106343626678969
334,0.06806169091787974
335,0.023005105398656474
336,0.046271091388425424
337,-0.1382904046917725
338,-0.09522750365003164
339,0.06606888337239204
340,0.07795314248691505
341,0.004069703323126253
342,0.10973305864217642
343,-0.046414427292924484
344,-0.1113494231324525
345,-0.05876412535638989
346,0.015962961764571897
347,0.022585606827706665
348,0.028356522806942362
349,-0.06176549293600815
350,-0.013725861679068054
351,0.04744803521758662
352,0.04465724091079873
353,-0.15658839853222217
354,-0.07913024950695771
355,-0.047514480869232115
356,-0.0011777208947868374
357,-0.009805345453248552
358,-0.09216967052516686
359,-0.1514875453711636
360,0.04789759330349185
361,0.048837560125578966
362,-0.08459799063896038
363,-0.023877894953452883
364,0.07436535524257279
365,0.024020512870619157
366,0.021830052582091808
367,0.008987593864961691
368,0.0719424938706393
369,0.03192551037577806
370,0.04949224319290727
371,-0.0013901956584922372
372,0.009915818283712496
373,-0.023911394383702603
374,0.014587453917442398
375,0.017779782266570742
376,0.034698122481843736
377,-0.017144744791021828
378,-0.018360253822562973
379,-0.012109263459043361
380,-0.04638249530171562
381,0.03392924268689509
382,-0.020457196635734677
383,0.07527825022619307
384,-0.0016704609460483143
385,0.04117648436849917
386,-0.0066600101367518755
387,-0.054229309807810544
388,-0.008019764170858742
389,0.11535566454047481
390,-0.03490920441318094
391,0.023423106661198213
392,0.09017122603426037
393,-0.05197451323852475
394,-0.1310783617435858
395,0.003619273374662989
396,-0.02228164248591994
397,-0.052266672820696754
398,0.15290572021813362
399,-0.02722818930430257
400,-0.05823010139060976
401,-0.11267072057040346
402,-0.10699909742427238
403,0.08280432328925767
404,-0.0004406962112051073
405,0.04068470902028393
406,-0.008539148222149557
407,-0.05125136381448098
408,-0.02156844501177011
409,0.005557989067884615
410,-0.11993299776653812
411,-0.08849726255450438
412,-0.005476712566553998
413,-0.003204430069182235
414,0.05923742052459943
415,0.14230285723618183
416,-0.08771396800288868
417,-0.025511107864482296
418,-0.06311781041720105
419,0.06383740739379064
420,-0.026804600036496897
421,-0.039907592814887614
422,-0.03879928762816759
423,-0.005001315098547414
424,0.012563225606569669
425,-0.035492615694872984
426,-0.04652217521029683
427,-0.0188357158100781
428,-0.05286275057677615
429,0.0007805800875252581
430,0.10007492970370785
431,-0.09162535730136229
432,0.0265452806866226
433,-0.03745170384709119
434,-0.0022185529730055775
435,0.06703617790631132
436,0.049939980448540575
437,-0.03336090833477878
438,-0.09201039669283576
439,0.002478775542502514
440,0.0638699213917465
441,0.11038931056746351
442,-0.022617623270383136
443,-0.03810518185824754
444,0.04079805485969454
445,0.003864582403712131
446,-0.047749971311135134
447,-0.09310058646688435
448,0.10249232484996687
449,0.04084388742303448
450,-0.07762690107773297
451,0.03918200188015437
452,-0.041641158740729725
453,-0.08613690468063594
454,-0.051224190720212726
455,-0.016883507862835805
456,-0.10563976060763293
457,0.022778284561856873
458,-0.037030508606671196
459,-0.056814418229385606
460,-0.039342867709239594
461,-0.026574500337015583
462,-0.022113984033452216
463,-0.08175636448864544
464,-0.05717742758085738
465,-0.059958299418256325
466,-0.11740074202147442
467,0.0041082968955337635
468,0.031064706167199543
469,0.12422552140896337
470,0.09183992411658375
471,-0.0034945502423683363
472,0.003693496085678281
473,0.03163907032094479
474,-0.022027917132804352
475,-0.07990695132546648
476,-0.022673583947972843
477,0.013238763078211696
478,0.05016864359360985
479,-0.05788625783402557
480,-0.04980298021266086
481,0.06262699183337839
482,0.033757033186436906
483,0.05063972818114369
484,0.033755155551594834
485,-0.0013056547350785478
486,0.017155888890502964
487,-0.055984472351828164
488,0.03029576047106343
489,-0.05883769746724927
490,0.00598273266012554
491,-0.09770013280146436
492,-0.022422552407453472
493,9.498703324144838e-05
494,0.032223936364121304
495,0.033975967393200975
496,-0.08861306174465854
497,0.006726702001726058
498,0.04106638081132338
499,-0.06580975449071261
500,-0.024343032276070247
501,-0.004039470230375859
502,0.10185451826710602
503,0.003655345982499938
504,-0.06154887748966447
505,-0.07119767609108464
506,0.008251906590799636
507,0.012081745740373788
508,-0.1670615208276887
509,-0.035307602909360525
510,0.008198610250858511
511,0.11317044288227815
512,0.05604952369700694
513,-0.018834510535230515
514,-0.03616319560556584
515,0.06342671208385162
516,0.13029947680187046
517,0.03446665832176017
518,-0.03433850810941665
519,-0.06010465977255761
520,-0.03079134202173933
521,-0.10043168147334396
522,-0.07737030805375267
523,-0.044237273310004294
524,0.007768825167650604
525,-0.03114945510304969
526,0.07768804321752507
527,-0.06902761893589315
528,0.0020253888331215244
529,-0.11698684635166495
530,0.06557244339244939
531,0.0006727068993376369
532,0.012920006981036472
533,0.05268463423314942
534,0.0224446193527828
535,0.003783089415446878
536,-0.015462582598139537
537,-0.19682562677463675
538,-0.01206145958985513
539,-0.001005004174817691
540,-0.026479306750976657
541,-0.08144663557579683
542,0.008979948222437173
543,-0.11478813157959464
544,0.0030003934879236564
545,-0.03357295395453551
546,-0.05816845099623057
547,0.0045781473854790665
548,-0.03009619365252941
549,0.010997503943611637
550,0.030839168398570982
551,0.011727181585444356
552,-0.03513064336886094
553,0.0017053760857706746
554,0.08809248363547305
555,0.023741309926717188
556,0.07730721921618518
557,0.09147476727822255
558,0.013800887571014378
559,-0.025944727199375295
560,0.008818777743435322
561,0.08403819474969734
562,0.0010532586837840078
563,0.02542447905590614
564,0.0764864533448963
565,-0.010721769941441403
566,0.02948022379781412
567,-0.005378866146260722
568,-0.045983892851040306
569,-0.022834947475968256
570,0.0415173862593901
571,0.06051796683575758
572,-0.02378878587051801
573,0.05165660625816768
574,0.03606684734153116
575,0.032880962757412084
576,-0.00511957613713601
577,-0.09549683649702224
578,0.07304741084568667
579,-0.006503863630970401
580,0.1502410664014163
581,0.04017964454916832
582,0.058862748139549295
583,-0.08668845279625502
584,0.0032592737665823606
585,-0.043762494565215054
586,-0.02692090376784236
587,0.17636908900349785
588,0.026466213296977185
589,-0.015645793382485305
590,0.041743104234089154
591,0.0459249934416319
592,0.02695253723995425
593,0.021397032350705128
594,-0.013371854358841537
595,0.11457404193137866
596,0.06535423672228666
597,-0.0817286633277005
598,-0.0862209681951617
599,0.15765675226299947
600,-0.06734291058077028
601,0.10019740654891388
602,0.10623598056390562
603,0.1358701241533997
604,0.03198419002616408
605,-0.09230016270852792
606,0.001888945854950981
607,0.06570642007490743
608,0.0042955727963222825
609,0.023280341367552068
610,-0.05951636010543039
611,0.02472204945391798
612,-0.03252011480754865
613,0.035682316472948235
614,-0.01731443744313248
615,0.00022010920068059412
616,0.07192097474789608
617,-0.013133221134342352
618,0.06922181730437063
619,0.11365866615216788
620,-0.012844080561413715
621,-0.06510349047023088
622,0.12420687622695023
623,0.06890116193268492
624,-0.07459073562396881
625,0.03728381167960343
626,0.007792509784165025
627,-0.12843345189077887
628,-0.0009297347356948402
629,0.053807102917689184
630,-0.050423641220265596
631,-0.018866972101598337
632,-0.1039217435538462
633,-0.039773128934464615
634,-0.1059527181153393
635,-0.08950913600350327
636,-0.030019639007141503
637,0.051519321685111585
638,0.026679513766318646
639,-0.02662158171222709
640,0.08850527850344372
641,0.04654595637365825
642,0.04404603460262385
643,-0.06093278230900404
644,-0.03568370026229792
645,0.07171818239450783
646,0.0700578589088053
647,0.016555830337965618
648,-0.12548650540870318
649,-0.03146969835730029
650,-0.008727086312436063
651,0.021401834496976205
652,0.03784128079355706
653,-0.025818810471850386
654,-0.01975410468043996
655,-0.017906120722645098
656,-0.027845756249503556
657,-0.03461671800786293
658,-0.09378656472617329
659,-0.15349042224477338
660,-0.003920517697894563
661,0.04109604989230494
662,-0.045834196176802115
663,-0.021974680617861155
664,0.07909543236833232
665,-0.03098618529332329
666,-0.028389921734983697
667,-0.025039946081414338
668,0.05270540486355178
669,0.037019914272546355
670,0.043028538895238534
671,-0.0232118879933395
672,0.004540489196372764
673,0.05789177710115324
674,-0.05760722364380267
675,-0.0792044273183114
676,-0.05772168986120701
677,0.010020649220893234
678,0.12414933307553591
679,0.03963690840577185
680,0.09065804245062409
681,0.059987435323323374
682,0.019415194715472303
683,-0.05329678428713744
684,0.1280660113212438
685,-0.019827186855249295
686,-0.015160990916403664
687,-0.08019612135078723
688,0.040462170690458606
689,-0.04019151581099126
690,0.001518353230056317
691,0.07128722635633919
692,-0.02035738177781302
693,-0.1265110241943497
694,0.06107151068330984
695,0.014692318226451291
696,0.005891618454532397
697,-0.13785954622348962
698,-0.02159346888932147
699,-0.11955973271986264
700,-0.047750340352241225
701,0.11505903527684866
702,-0.008010605535506539
703,0.010387310662969895
704,0.0669174992347252
705,-0.05836948745673497
706,-0.0005073590666876339
707,-0.0901026076062793
708,0.006615487844645125
709,-0.11438253848368328
710,-0.042368558107310605
711,0.06221108047936414
712,0.11700056731111182
713,0.1272246651535669
714,0.008879989590605188
715,-0.017988733859682932
716,0.09025565290243868
717,-0.0012389227615900308
718,-0.006487793283377652
719,0.14076096860524187
720,-0.022222115296416406
721,-0.028556842177623467
722,0.03158916360287622
723,0.04514185546559593
724,-0.007390857324461367
725,0.10275890022776711
726,0.027575302881719332
727,-0.004275720857555208
728,0.020965514266086144
729,0.05592583333773654
730,-0.0054156362456288356
731,-0.06970028738566701
732,0.018131883212844535
733,0.016944004771119004
734,0.05083959823101614
735,0.03027870971383615
736,0.0429027108768643
737,0.09730149696853399
738,0.005337427216002953
739,0.0669556132120373
740,0.025741488096320105
741,0.08552017892272955
742,0.01592035944137664
743,-0.053508677336536276
744,-0.019925415343698086
745,-0.01017839193224892
746,0.002316606615337221
747,0.11072943580729987
748,0.01845651715205779
749,-0.010025355920751794
750,0.03884098067874487
751,0.08792083858454516
752,-0.03514665510456236
753,0.12948098661587576
754,0.008429899562839387
755,0.06171127451658058
756,-0.1281358483951891
757,-0.050312202170121605
758,-0.06308744222784571
759,0.15401642803417803
760,0.03364677781417755
761,0.022770216059742283
762,-0.007970201520289709
763,0.09249032404401192
764,-0.1345975430827643
765,-0.1105703782517838
766,-0.03329169825983715
767,-0.037562678638479556
768,-0.04100080929307995
769,0.0037237807444190528
770,-0.03226941906347674
771,0.005744403975325755
772,-0.029759997270850626
773,0.06324536765115135
774,-0.03912343901665464
775,0.025243890450311387
776,-0.03777116789064713
777,-0.021076310693774688
778,0.0062567098023288805
779,-0.04547889033725453
780,0.006286249211683758
781,0.052511620841663206
782,-0.015414025146602442
783,0.020831084146010363
784,-0.07677554797642747
785,0.05669976537103135
786,0.04545521344446284
787,0.004974074402605064
788,0.008325743476939632
789,0.043078531540966906
790,0.04530646732716227
791,0.07027545342567985
792,-0.0004130638613612453
793,0.007551924028867858
794,0.04202851255032082
795,0.02280325508504774
796,0.00686928177098628
797,-0.08318097658352913
798,-0.07971676841526756
799,0.027480732444045603
800,-0.026177865711355733
801,0.0785177530625434
802,-0.06577110192947766
803,-0.09132725914401368
804,-0.01810590320168014
805,-0.02794316224172465
806,-0.06548551969686876
807,0.03546533682766495
808,-0.0694236099350375
809,-0.02846604928807816
810,-0.10173009080305756
811,0.04661254795694256
812,-0.10829456594169531
813,0.02355598927233111
814,0.11834652952228011
815,0.008027836027717991
816,0.04999132020033989
817,0.08696147197457907
818,0.009290335863230848
819,-0.09702222466200645
820,-0.08011013073588905
821,0.030832898076081385
822,-0.06889912272105088
823,-0.06920563881098409
824,-0.07116749417008691
825,-0.04336117408542587
826,-0.009233317249712287
827,0.043343188151435244
828,0.0052528498345609
829,-0.03265254487291134
830,0.014793551145538986
831,-0.06961665804195111
832,-0.18769276017588052
833,0.05620509748859248
834,-0.09221440012477418
835,0.12241802413422721
836,0.08803733921348206
837,-0.0692255971315126
838,0.05949225283862371
839,0.03407022846394888
840,0.04938997606524991
841,-0.11271345499749513
842,-0.07694310490296725
843,0.04999363295419953
844,-0.17560001145077658
845,0.016579539561287264
846,-0.08073027531680649
847,0.0345555148353291
848,0.13731378168131103
849,-0.09698115677674753
850,0.020819597991548297
851,0.0335196093715782
852,0.06149987158073618
853,0.04893383914108861
854,0.0067618764335411205
855,-0.026545379367950015
856,0.11471084055949242
857,0.15777711690808774
858,-0.05584445065133391
859,0.00930473970316961
860,-0.04319542316886004
861,0.11224408425918464
862,0.06439780005219518
863,0.02429526784128002
864,0.035202456516285376
865,-0.0036543124258605203
866,-0.07579715354146462
867,-0.030359043038998605
868,-0.05232472663430977
869,0.132320348548505
870,-0.07895728800842024
871,-0.015670440668656298
872,-0.14134280373176547
873,-0.018956210502621685
874,0.041258509259784595
875,-0.029625317647792283
876,-0.1224266216328405
877,-0.14314405894960167
878,0.06307574789815355
879,-0.050653015836560775
880,0.08514110203456036
881,0.03297559462933432
882,-0.05362925302297118
883,-0.11115424257614152
884,-0.01128394662285992
885,-0.08464640008241385
886,-0.061868360019875154
887,0.009099381685698814
888,-0.035400255165981706
889,-0.07330326592716513
890,0.03800217870946862
891,-0.039124333550042516
892,0.0065534694536853975
893,-0.015060997212913757
894,-0.038221542849359975
895,-0.04689163663927731
896,-0.12883853001872864
897,0.0461882623473474
898,-0.010036197266533287
899,-0.02549054584357991
900,0.07075677893832437
901,0.031235603018314954
902,-0.07769069764058001
903,0.02820086990328318
904,0.08419163068908075
905,-0.03298627477734409
906,0.029453762017572122
907,-0.044044300064333824
908,-0.018801281605764896
909,0.03857955279326831
910,-0.0032863378206639945
911,0.11399949513797936
912,0.01365372464268917
913,0.13118137619814635
914,0.10669467268246914
915,0.02861517809545315
916,0.03795479789553294
917,0.003699713723030316
918,-0.028893066466257056
919,-0.1346144020148789
920,0.10051670711252178
921,0.0602318638863417
922,-0.04170150670544269
923,0.016706085218663458
924,-0.028582244569470998
925,-0.04570723417914193
926,-0.13670406161883852
927,0.04216374696146757
928,-0.010383964246763095
929,-0.012766394013220151
930,0.0614497121680987
931,0.03309819398723557
932,0.01721756946715158
933,-0.063210779995472
934,-0.062368712313942254
935,-0.07670209371628683
936,-0.005741573685359763
937,0.07033188787187135
938,-0.08660317490022214
939,-0.03682237966478101
940,0.013972192427295155
941,0.07874667510764767
942,-0.02166230611750792
943,0.027311823061348394
944,0.020779066258577717
945,-0.08167040718101913
946,-0.01998998049892616
947,0.16560753487645338
948,0.08353724124585515
949,0.09536270154770121
950,0.08362562679969256
951,0.030835021873657182
952,0.07842949545597154
953,0.020740766787688204
954,-0.08605421043844672
955,0.15504013116566479
956,0.05588751334717654
957,0.1342101204517526
958,0.08890665484588166
959,0.04272600298909251
960,0.021340917901263516
961,-0.10731560092868359
962,-0.026208090155771743
963,-0.05442090542883072
964,0.06737079187719328
965,0.05133706683719807
966,0.07897944045667588
967,-0.06822872428819543
968,0.021309586965122647
969,-0.013967706719731831
970,-0.02222758450570044
971,-0.050448487081742766
972,-0.05575424678081418
973,0.01839924378393126
974,0.12247444295179047
975,0.03737344501023797
976,-0.055205735730819404
977,0.0038382225765274313
978,0.15064706321460122
979,0.05916164616674896
980,-0.062290278339081746
981,0.040032936829658465
982,-0.07956135166785128
983,-0.10207077412986973
984,0.018320818987238915
985,0.07547684130286929
986,0.021439622290906443
987,0.10326324567853919
988,-0.09478775168740036
989,0.05372581309250897
990,-0.047778112940468354
991,-0.0206342918872841
992,-0.02349773625713833
993,-0.06022761191689516
994,-0.0004012226139281554
995,-0.0025904108166237157
996,0.060820327188764234
997,-0.039721523673658506
998,0.07618454846478423
999,0.04615216819040821
1000,-0.06093468607707953
1001,0.02824732073856039
1002,-0.05455045962531462
1003,0.003976315814289997
1004,-0.05339926899676834
1005,-0.010242575047839878
1006,0.01474185034295805
1007,0.05594931552831109
1008,-0.026301858227412708
1009,-0.04693145737092469
1010,0.0460840300587742
1011,0.04287955120047197
1012,0.008599268754247814
1013,0.09701395352692645
1014,-0.07884984533199499
1015,0.005946652769720666
1016,0.04875110680146781
1017,-0.03691930767673107
1018,-0.020138254192865
1019,-0.0802529163429238
1020,-0.06200398015193842
1021,0.06469609444270871
1022,0.00551117714821237
1023,0.08244744595160926
1024,0.05722724742363643
1025,0.05394161254605043
1026,0.07960602919674087
1027,0.03866394805426599
1028,0.008541606098857362
1029,-0.0876252575774466
1030,-0.052054695074619024
1031,0.05699168198052768
1032,-0.01621657689612021
1033,-0.0036686342487377934
1034,0.012417311225188509
1035,-0.15320030250482336
1036,-0.11731539835620654
1037,0.006022359997702667
1038,0.05491393508661397
1039,0.026375897744912703
1040,0.019638829917681306
1041,-0.01698710673076968
1042,-0.026973681673508415
1043,0.04569179770396283
1044,-0.0742431462462676
1045,-0.0442346181566873
1046,0.04031384747049631
1047,-0.08253232793693552
1048,-0.026640469181947537
1049,-0.0279168181824213
1050,0.053254766304933567
1051,-0.056782146172308166
1052,0.013240727302672471
1053,0.09191712320648952
1054,0.12863060938377063
1055,0.10113421766575148
1056,-0.08511170019034803
1057,0.030795966899270926
1058,-0.12611785287735164
1059,0.09988025298298979
1060,-0.15939201677235013
1061,-0.020659514212411516
1062,0.07808405804867216
1063,-0.05549360525862063
1064,0.01590900919467464
1065,-0.08643827864721608
1066,0.08661410795174553
1067,-0.01438940638345194
1068,0.09518261516933099
1069,-0.012582322069804093
1070,-0.03538973373763721
1071,0.08379824877822986
1072,-0.07749410905136472
1073,0.0600816358400146
1074,-0.04934698424472863
1075,0.03054257551285476
1076,-0.05105446416078008
1077,-0.005277832113722319
1078,-0.017936203049176883
1079,0.030682559817960392
1080,-0.06077192859422798
1081,0.03755366037727515
1082,0.0005226027524958993
1083,-0.0515349667993904
1084,-0.010325197213320482
1085,-0.01016821471123185
1086,0.10044425543477209
1087,-0.06356008149200267
1088,0.036643161759231366
1089,0.03143040910440049
1090,-0.01451466928441777
1091,0.1261794789962514
1092,-0.13957380064732988
1093,-0.14137986188125318
1094,-0.005391746349834983
1095,0.13261924315266996
1096,0.04039171888071246
1097,0.04271467487821381
1098,0.05622669476148189
1099,0.07132252583659965
1100,-0.09061150165743427
1101,-0.027603220258884207
1102,-0.01938386018539696
1103,0.0520872694315107
1104,0.029736905832468997
1105,-0.04227022385256098
1106,-0.0931514009845586
1107,-0.01563689935007246
1108,-0.016150851754263496
1109,-0.04051178116929012
1110,0.0480493245930502
1111,0.012079890192458434
1112,0.03170239221141715
1113,0.05944948955036364
1114,0.016415304014086158
1115,0.12254545663000493
1116,-0.11899231078534235
1117,-0.03696057767868096
1118,0.11276269487441838
1119,0.08752343665443767
1120,-0.02162722013717779
1121,0.03243762377143118
1122,-0.007266388370112247
1123,-0.06910522550533285
1124,-0.04074252873983506
1125,0.046027020656548435
1126,-0.032983468442824446
1127,0.020242476541249242
1128,-0.09612836446638363
1129,0.03450466981737243
1130,0.11116840513230201
1131,-0.05241155700600306
1132,-0.0009976750935526285
1133,-0.06257395676734728
1134,-0.00276986124725075
1135,-0.04931556289905313
1136,0.04260982450778462
1137,-0.10101461865930944
1138,0.03126601180287254
1139,-0.027951830115009874
1140,0.030438000635776084
1141,-0.008407360342622777
1142,-0.06257922594920859
1143,0.013130468753711069
1144,-0.10761733814417022
1145,0.020001148121361688
1146,-0.016223714918686318
1147,0.025416174357398638
1148,-0.03378403384623885
1149,0.01311655509400142
1150,-0.009727656407175192
1151,0.08225054424054341
1152,-0.11192783513522801
1153,-0.024512913874106083
1154,0.017742853576092513
1155,0.042532026896923814
1156,-0.07998807668478539
1157,0.004593035795268183
1158,0.004226480485780438
1159,-0.09092417176854886
1160,-0.11409198355855017
1161,-0.1014542356896959
1162,-0.000299623155130172
1163,-0.008431575695675207
1164,0.02526170098396604
1165,0.006506150195676522
1166,-0.0529097868253274
1167,0.05905113583422104
1168,0.06476819706849823
1169,-0.004322588142062371
1170,-0.07085030091535806
1171,0.07337187860691022
1172,-0.14016774872167628
1173,-0.022167778112828815
1174,-0.036138317750973925
1175,-0.05401606851929522
1176,0.03408956916441831
1177,0.0026845676960277794
1178,-0.06646375925289295
1179,0.03697549411038358
1180,-0.08536901263348398
1181,0.03470636871875505
1182,-0.028669936674242776
1183,0.015200419457555068
1184,0.05741167201976133
1185,0.06536770764711491
1186,-0.065208425190198
1187,0.007891176842524885
1188,-0.03403454349779782
1189,0.028793661724054988
1190,-0.0445256933914749
1191,-0.017864576293375012
1192,0.03603578070411431
1193,0.028219974720833315
1194,0.031119518521232327
1195,0.0035345842957033263
1196,0.0851537246065234
1197,0.0425731600348184
1198,-0.007651384263390031
1199,0.01852384240744301
1200,0.08399736814665862
1201,0.016821877132011814
1202,-0.022431706658788804
1203,0.07307753807308585
1204,0.083778172632489
1205,-0.04646581951263507
1206,-0.09862512804529107
1207,0.06207875373095452
1208,0.007686023918052132
1209,0.07961594436994249
1210,0.07883101558134685
1211,0.08698382556841598
1212,0.11285867237585241
1213,0.033828865362033424
1214,0.040894421584713174
1215,0.08143136448536938
1216,-0.001962897777759138
1217,0.008884363947553646
1218,0.07245819942593927
1219,-0.028440651961320215
1220,0.09188003438861879
1221,0.012991922046703514
1222,-0.1440359134016353
1223,0.0008233577325736778
1224,-0.03595717546340637
1225,-0.1270358889655811
1226,-5.887683525704678e-05
1227,-0.04683019373603625
1228,0.01780083090481063
1229,0.0629943213221316
1230,-0.10831538155378485
1231,-0.04498974742530288
1232,-0.029407725483724004
1233,-0.0580419826541584
1234,0.04218732936080679
1235,0.12064225644690867
1236,-0.16868020354342192
1237,0.02411962901794214
1238,0.01597637998800804
1239,-0.07467712982358166
1240,-0.017986946046447943
1241,-0.03143714466788948
1242,0.06467019253365625
1243,-0.17036640091173855
1244,0.12084061394305935
1245,0.0029831614283768043
1246,0.04400161978895945
1247,-0.08011237051902931
1248,-0.01961911077954367
1249,0.06666031835256121
1250,-0.030531673571734322
1251,0.10384034442795625
1252,0.046316670644340835
1253,0.03145239638140898
1254,0.02541389833282042
1255,-0.010429557064311708
1256,0.10978779860778884
1257,-0.08607051078524529
1258,-0.05486487548668106
1259,-0.034660936081685134
1260,0.020373543311409403
1261,-0.03521628174533089
1262,0.006665573121516743
1263,0.0010838198600763575
1264,0.02813332111090093
1265,-0.0009742795549388173
1266,-0.1566921057148892
1267,0.08686797483927074
1268,-0.05539858596885015
1269,-0.14495809208793659
1270,0.01988389306224017
1271,0.0023413249576560795
1272,-0.0596401185109835
1273,0.06778654599785984
1274,-0.04231031907140762
1275,-0.11029704670679781
1276,0.030448781849293654
1277,-0.08952656450335127
1278,0.040571371128642175
1279,0.018016799944674276
1280,0.06249865287499662
1281,-0.0606174896761588
1282,0.0039729838489624344
1283,0.005659132389999335
1284,-0.0003273550982453427
1285,0.03612598206080133
1286,-0.06974147976169275
1287,0.09252601342491418
1288,0.0644310417021803
1289,0.005221163397044389
1290,0.12343828723959052
1291,-0.040044566757386636
1292,-0.030360135408596483
1293,0.05548269303462213
1294,-0.03222568722273744
1295,0.010266742373872076
1296,-0.03972569439324872
1297,-0.02625494951246448
1298,0.05641665675775998
1299,-0.020320484829470128
1300,-0.026956145343557777
1301,-0.017711083902537204
1302,-0.01425691266662367
1303,-0.013567230930613475
1304,-0.0679856791657935
1305,-0.048671168696362316
1306,0.10200595318801532
1307,0.04796049931783138
1308,-0.007508811901845057
1309,-0.03728073000938441
1310,0.02028098227502766
1311,0.09701326447179238
1312,0.03929764007822155
1313,0.03069630970503868
1314,0.05452493547952677
1315,-0.07134855076877158
1316,-0.03200972738218324
1317,-0.012379025836662567
1318,-0.029760292106482927
1319,0.014783373532359763
1320,-0.0493596789911142
1321,0.09885628918586405
1322,0.0231095136142791
1323,-0.10833645959467063
1324,-0.05190959353952751
1325,0.07072122951815865
1326,0.027850465877184476
1327,0.02817366734136466
1328,0.00970685872531189
1329,-0.07627054285890039
1330,0.10787585262169316
1331,-0.12110574250959606
1332,0.05941675001734874
1333,-0.0416990002475637
1334,0.1257848337865339
1335,0.06228045081110038
1336,0.02272652290404971
1337,-0.04602053016683596
1338,-0.029324533204444857
1339,0.011090396581073362
1340,-0.022090038871152587
1341,0.008363156663995668
1342,-0.025402978550637546
1343,0.02460910637177083
1344,0.012763355136342918
1345,0.033894440156806024
1346,0.021430844989247026
1347,-0.009507573068416196
1348,0.03764457411601463
1349,0.027364479606835232
1350,0.027670014239285758
1351,0.026352688491121736
1352,0.12202498681365045
1353,0.08407498974819008
1354,-0.006933911175206511
1355,-0.01886165077030284
1356,-0.1850662506830663
1357,-0.11613959630943953
1358,0.0056599795627478465
1359,-0.04914713328208695
1360,-0.20968136917123234
1361,-0.008619041929860126
1362,-0.05386620656030653
1363,-0.11933067341959727
1364,0.04125827095461216
1365,-0.0062285001987807545
1366,0.07512259017810935
1367,-0.014021867178815865
1368,0.03586339402975659
1369,0.09962735785847557
1370,0.07004614964777643
1371,-0.05523672752755585
1372,0.12488121496282234
1373,-0.06089013413507164
1374,0.03656232076663563
1375,0.043537175307134024
1376,-0.11222355391993154
1377,0.0576596694204248
1378,-0.021605980765667984
1379,0.11168365253075944
1380,-0.01262398845906685
1381,0.05434461509303314
1382,0.02918239332052613
1383,-0.13751450517085184
1384,0.004815095993918008
1385,-0.05292855953236288
1386,-0.07188430421762805
1387,-0.03604308850524453
1388,-0.07128567478394292
1389,0.11784181862158526
1390,0.08544636083045021
1391,-0.04081439549162456
1392,-0.13893680095581612
1393,0.045769202313474644
1394,0.06266277261851319
1395,0.012203009274256216
1396,0.1576722538514802
1397,0.036065247572519624
1398,-0.05716295622555461
1399,-0.05710028565750589
1400,-0.05107931568266359
1401,0.06679338239670904
1402,0.0039255391017000716
1403,-0.026350980073087688
1404,0.016297084889434547
1405,-0.010910515845980195
1406,0.0005955329803309447
1407,0.028914074786585878
1408,0.06288456658250435
1409,-0.12135651741329026
1410,0.10092112588597713
1411,-0.017270097240373386
1412,0.01716779012396484
1413,-0.024400907932999944
1414,0.022257779845481745
1415,0.05068972042389999
1416,0.01789163785111528
1417,-0.07246594249207151
1418,-0.15808915293280243
1419,0.01626927573378711
1420,-0.03234715123782367
1421,0.06388610669493697
1422,0.002976835881936459
1423,0.10356172518233583
1424,-0.016939879559777028
1425,-0.023751648641610716
1426,-0.07496692105942727
1427,-0.05943014172051424
1428,0.08069844508870981
1429,-0.05880531760802336
1430,0.015213643598565977
1431,0.09154269623742779
1432,0.10643293794201453
1433,-0.0774969044005505
1434,-0.06381251139924936
1435,-0.08947153089747323
1436,0.023370196716245597
1437,0.022133984778271738
1438,-0.02010224577953116
1439,0.09170159243514131
1440,-0.10899030016284277
1441,-0.03479841743263642
1442,0.0030745128771724624
1443,-0.008335362118151212
1444,-0.04957165689290037
1445,0.01429371612616129
1446,-0.04711069621861499
1447,-0.0027917284635296602
1448,0.037461337802373464
1449,-0.13977986268439907
1450,0.03800834304832303
1451,0.02552654549194448
1452,-0.08739064052225166
1453,-0.025535049091962973
1454,-0.027246719785314143
1455,-0.012309332435200474
1456,-0.0007323946418322359
1457,0.027217912660206456
1458,0.03519879366851942
1459,0.028042324683990764
1460,0.058460959549451935
1461,0.03566239024800279
1462,0.05206616321797421
1463,0.02556675276691896
1464,-0.019909668976672363
1465,-0.09453062780923882
1466,-0.023730580681642754
1467,-0.05962295247811051
1468,-0.09102587580693072
1469,-0.008385280822178164
1470,-0.02856950911408171
1471,0.032069143815830044
1472,0.033334072855514034
1473,0.11522901000290438
1474,-6.342484887048335e-05
1475,0.0822449018969053
1476,0.06072139565798231
1477,0.06131407620741029
1478,-0.003974522307292366
1479,-0.07846164526757494
1480,0.0036639506180504984
1481,0.010866207058448268
1482,0.012583545496282409
1483,-0.08790824047174427
1484,-0.04515830460083517
1485,0.04193859193876554
1486,0.06053553128015878
1487,-0.04981121947706389
1488,-0.042506832718021956
1489,0.10146922091518848
1490,0.05198450024086013
1491,0.14795958655002958
1492,-0.10966708162304456
1493,-0.035780703604468604
1494,-0.08283384980046618
1495,-0.009485796608326902
1496,0.015822392598869115
1497,0.0006766209955150075
1498,-0.035286840731420584
1499,-0.0017605636248426528
1500,0.08258742988682152
1501,-0.0024677990782520655
1502,0.07628460728269273
1503,0.049019293609234224
1504,-0.19421493352298608
1505,0.009289758167117853
1506,-0.12670058019541644
1507,-0.11926325076044068
1508,-0.11041218336132946
1509,0.0274050452604988
1510,-0.03240963132773463
1511,0.1280907355109839
1512,0.05929313899894076
1513,0.018002430808913537
1514,-0.022510024379791053
1515,0.10072390968468378
1516,-0.10160160153634437
1517,-0.015031255794060408
1518,-0.044163000542585054
1519,0.053073852214326915
1520,-0.02250734013112355
1521,0.03887510059467453
1522,-0.037644374784776745
1523,-0.04935286795157724
1524,0.008678815154109856
1525,-0.02768341407060901
1526,0.0004700808538109346
1527,0.05242110028760904
1528,-0.028743774360794738
1529,0.08794551594700263
1530,0.08527284419893003
1531,-0.010750988126954113
1532,-0.017438330394554016
1533,-0.06973008740405587
1534,-0.0148778142109815
1535,0.047583803874765546
1536,0.12153297682491299
1537,-0.08564361242756983
1538,0.05010179595097455
1539,0.006049629525658039
1540,-0.13034498809564232
1541,0.05542095499408351
1542,0.0014943592514064024
1543,0.00019356530312365466
1544,-0.04499549364557736
1545,0.07987281726388447
1546,0.04329782024946305
1547,-0.004551201846871827
1548,0.10060575637592241
1549,0.0800202352356833
1550,-0.006649550808863724
1551,0.03540429005956805
1552,0.0013985206747379522
1553,0.05489717987223525
1554,-0.09233626078159582
1555,0.08977374404622784
1556,-0.0004473777143732705
1557,-0.0004080832584487167
1558,0.03736006310042152
1559,0.022075142643077073
1560,-0.057118895095704614
1561,0.010345636596278473
1562,-0.023478676919249326
1563,-0.0922168226235653
1564,0.02630047819212753
1565,0.04250045163070682
1566,-0.09457294963171876
1567,0.0009414834622673535
1568,0.026758176590145566
1569,0.016087169851759658
1570,-0.053781671879266954
1571,0.04402268379287938
1572,0.042618269964348095
1573,-0.004671163250622268
1574,0.04745896513667983
1575,0.07186073119910877
1576,0.04335588871271172
1577,-0.006745778135896827
1578,-0.03366685986788245
1579,0.029914648262826516
1580,-0.050618489397889974
1581,0.036045300198908836
1582,-0.04392008371874027
1583,-0.08211070696369185
1584,0.013731226550026999
1585,0.05614636589784818
1586,0.003260952867388562
1587,0.0543195797521539
1588,0.008238490301925926
1589,0.04351913482400223
1590,0.10406135580710243
1591,-0.07674282512380053
1592,0.05965569579475345
1593,-0.05277522758287356
1594,0.06679185627964056
1595,-0.11610036428745922
1596,0.056283451362873875
1597,-0.043156499376198844
1598,0.05487455902978137
1599,0.06617032446691996
1600,-0.012705703364986913
1601,-0.045433358182805215
1602,-0.019410799160633593
1603,0.09854749684150581
1604,0.05392602513859787
1605,0.02902835040967869
1606,0.007221932711722002
1607,0.029295048881606344
1608,0.04715390043700644
1609,-0.07699645491542918
1610,-0.014948527777429802
1611,-0.041325751617497776
1612,-0.05373258813298115
1613,-0.03436530286264368
1614,0.01303531208180273
1615,-0.019880718769713333
1616,0.053591551902310616
1617,0.013091382483036922
1618,-0.007731261177455449
1619,0.05287099003166772
1620,-0.00640681081868423
1621,0.009934208425919532
1622,-0.03242545193007038
1623,0.060546043251322304
1624,-0.011061414930961735
1625,0.0012752382395964674
1626,0.02899117887505944
1627,0.06644832922724078
1628,0.07813183186187571
1629,0.05398911133445858
1630,0.07427328212242737
1631,0.07413987464271143
1632,-0.04082511068957286
1633,0.00625617559037106
1634,0.012636794625925459
1635,0.04715736612374862
1636,0.04408631138608421
1637,-0.033866294424395
1638,0.04324874062791685
1639,-0.05842769672728899
1640,-0.09391069804534088
1641,0.15779768072108097
1642,0.1041687844249005
1643,0.031021870695926584
1644,0.025910875643032502
1645,-0.10050690974802566
1646,-0.038222103602253796
1647,0.04145293563407517
1648,0.009038837786423516
1649,-0.04235214434796266
1650,0.0733264849014574
1651,0.002238508300255379
1652,0.11274235868133502
1653,-0.11300589367155689
1654,-0.04836344710160055
1655,0.0634144606159992
1656,-0.03656439212234116
1657,-0.05144336955776001
1658,0.014627122965918829
1659,-0.013255729832505756
1660,-0.08842137107067366
1661,0.05824314201413552
1662,-0.046464033830648434
1663,-0.004260366149708135
1664,-0.037059970321597246
1665,-0.07933544656815775
1666,0.12098053352364428
1667,0.0202541439285347
1668,0.0057419467076170625
1669,0.07140375838137515
1670,-0.010744286875921216
1671,0.09803411548236153
1672,-0.06722950376966158
1673,-0.016430190611741745
1674,0.04206297469541579
1675,-0.0029746081862479295
1676,-0.13355499705584029
1677,-0.05884561225996332
1678,0.030070440776461347
1679,-0.041179328497435705
1680,-0.014332904349796968
1681,-0.1147364735205382
1682,-0.020340827950226986
1683,0.07440556973645136
1684,-0.0832801412718932
1685,0.029263229948052638
1686,-0.00358338025064006
1687,-0.0032789236108997965
1688,0.058490263114545624
1689,0.06696776037720814
1690,0.05111092294804406
1691,-0.01383241448423027
1692,0.04159291540939059
1693,-0.0992120119916845
1694,0.06521854850850187
1695,-0.033632102022902885
1696,0.08882204851873474
1697,-0.011712785343347947
1698,-0.05026075220920336
1699,-0.07059923094659801
1700,-0.003432159012804826
1701,-0.03757288748140173
1702,0.08044821303495713
1703,-0.050519131349698806
1704,0.0539127086916709
1705,0.08057221386072
1706,-0.05229121474907398
1707,-0.01291854731775307
1708,0.014492718260923125
1709,-0.09756149793063487
1710,0.09717024215391445
1711,0.0051801519362727625
1712,0.0280927376858542
1713,-0.07084387594337416
1714,0.023602334332532386
1715,0.0352840961030547
1716,-0.09698370403916956
1717,0.11274011676838314
1718,-0.049039264845391645
1719,-0.04797334062615224
1720,-0.053532780578917645
1721,0.010715380337512823
1722,-0.08162804692662387
1723,0.21935728289093312
1724,-0.008629135884648287
1725,-0.09155723412174693
1726,-0.026014073404954464
1727,0.12099749943182515
1728,-0.05254427789073716
1729,-0.042176565917486177
1730,-0.03437530766595351
1731,-0.03479162600515111
1732,-0.042231232376886536
1733,-0.07765930537572341
1734,-0.0018238025799129443
1735,-0.1732662448689628
1736,0.04694800316964598
1737,-0.11959577325064907
1738,-0.0868507469167998
1739,0.045537653662419735
1740,-0.01724202024483458
1741,0.060921157562145806
1742,-0.13647405825529363
1743,-0.000677950559953162
1744,0.004798273818676608
1745,-0.05417543528392705
1746,-0.040760658751141966
1747,-0.021581950797868024
1748,-0.034008841925767155
1749,0.0903494023152274
1750,0.08287607517480748
1751,0.0700303437027979
1752,0.010019654238079698
1753,0.02950875746705138
1754,-0.028517437355042724
1755,0.058370178003855466
1756,-0.018295228550139427
1757,0.060078931917808
1758,-0.004950284764615667
1759,0.058525946270837036
1760,0.06840917436918326
1761,0.08942846911795192
1762,0.046876447140183436
1763,0.0115938074545995
1764,0.1041571545835683
1765,0.06186020548044554
1766,-0.076690779537037
1767,0.06379901628383851
1768,0.08682028383426363
1769,-0.019701279188767618
1770,-0.04561575665054114
1771,-0.05132298110428997
1772,0.048863840369004354
1773,-0.03762219983349996
1774,0.048860145130287296
1775,0.033228560587384576
1776,0.012386337450542954
1777,-0.04935171767763182
1778,0.0051330067283048425
1779,-0.011790280866956684
1780,-0.08501333375077573
1781,-0.02445980570881344
1782,0.01005012794181782
1783,0.09332359235051152
1784,-0.004272409505002177
1785,0.011099121332776062
1786,0.0506196119433994
1787,-0.07206221436909209
1788,0.08706460935091513
1789,-0.1367221134752044
1790,0.08310762679389641
1791,0.033046240558194925
1792,-0.009150712931921224
1793,0.09768815157049206
1794,-0.07071500546190655
1795,-0.032495122163636495
1796,-0.03604284562615621
1797,0.1198843779656274
1798,0.004899361635174453
1799,-5.311753372122177e-05
1800,0.02086923600404872
1801,0.035317912676868575
1802,-0.03208070208328109
1803,-0.012852776234871969
1804,-0.10545602155675096
1805,-0.0971529380977139
1806,-0.058533939606871054
1807,-0.11177948667534843
1808,-0.10673075980267009
1809,-0.022421417917598396
1810,-0.03368092068360497
1811,-0.00972201671745696
1812,0.12364063102468621
1813,0.05583829510533322
1814,0.014600305623065845
1815,0.024089242337098606
1816,-0.01702660145432158
1817,-0.04917983184391915
1818,0.11397805666912308
1819,0.0028144859597717085
1820,-0.010484159734843857
1821,0.003023256767836494
1822,0.09461047851479573
1823,-0.040920795056554854
1824,-0.027201878287171313
1825,0.00227240416722965
1826,-0.005219190211003762
1827,-0.021529203944549283
1828,0.0007256517190109953
1829,-0.0068582859316000154
1830,0.054380735820791753
1831,-0.0746492244846381
1832,-0.01273138338560557
1833,0.0587391343998492
1834,0.1172437556580805
1835,-0.0861491680502751
1836,0.07259514015205926
1837,0.024374029982468744
1838,0.04703386424284621
1839,-0.019151890606311766
1840,-0.12011818992424439
1841,0.042669808060215385
1842,0.005112918562159679
1843,0.030351784545220615
1844,-0.027278044854969256
1845,-0.03592734948438112
1846,-0.019777380719765956
1847,0.13766903496969438
1848,-0.14209672392909906
1849,0.05588181083286951
1850,-0.07233041519321844
1851,-0.08245222315634607
1852,0.17326944032860822
1853,-0.015493878985423908
1854,0.016400616323895955
1855,-0.05266898658884498
1856,-0.11743510913653489
1857,0.09879543767629737
1858,0.08635353049388597
1859,-0.008625890667971727
1860,-0.07343464707605593
1861,0.10334698951641483
1862,-0.1029486988086871
1863,-0.081309407801404
1864,0.03008112282121044
1865,0.07298121386037756
1866,-0.0036238139004301255
1867,-0.002158703653691561
1868,-0.07976907744557075
1869,-0.06191901678421826
1870,0.028799401984649836
1871,-0.0012840617434283156
1872,-0.11266950255243138
1873,0.036784528138364414
1874,-0.006096999308762462
1875,-0.012078769544348337
1876,-0.047746208053163784
1877,-0.051965101247415796
1878,0.014411176614386392
1879,-0.09890392705112777
1880,0.032498223250627054
1881,-0.08993370794987934
1882,-0.06556630388597225
1883,0.06550768913260531
1884,0.10316110543413984
1885,0.0075099264308494
1886,-0.04182800248217555
1887,-0.0771298334987393
1888,0.053896992347268885
1889,0.024778392818386494
1890,-0.05779121137744162
1891,-0.01931052384133441
1892,0.088792924988839
1893,0.09545507492636308
1894,0.06983237516092067
1895,0.05479743307221207
1896,-0.07731776710361629
1897,0.04482251799189413
1898,-0.00989405917074109
1899,0.016920328104942258
1900,0.06756051839077706
1901,0.005887482844131224
1902,-0.027096050470394463
1903,0.005207434882557346
1904,-0.05181785667229293
1905,-0.06127890696993471
1906,-0.03262096191571419
1907,0.02896859497554813
1908,0.005910023323447113
1909,0.12181163374832173
1910,0.05813272822475531
1911,-0.008422874790535157
1912,-0.042267655130693395
1913,0.007104365740158046
1914,0.08302746770395908
1915,0.031170973846842975
1916,-0.008794981721262477
1917,-0.029117692735358105
1918,-0.011216286376600559
1919,0.0039201118974717545
1920,0.028024506102531013
1921,0.010877321969649852
1922,-0.0492325835820019
1923,0.06235535065400079
1924,0.09202605820078193
1925,-0.0632892601174291
1926,0.0346645074686983
1927,0.0026101415736924267
1928,-0.08503174886478433
1929,-0.03949618009300467
1930,0.009778348265043901
1931,0.018041523103463568
1932,-0.08952607401843858
1933,0.030597501521138583
1934,0.11813980137329892
1935,-0.1673874946215364
1936,0.054928566738786225
1937,-0.008499343443881088
1938,-0.04409882053149695
1939,-0.013412703510922344
1940,-0.16022487371418137
1941,-0.017016774778109648
1942,0.013297033028669558
1943,0.07417793609683826
1944,0.048686526301357225
1945,-0.06443159370710236
1946,0.02513618240637964
1947,-0.03915975698561109
1948,0.01662225154167465
1949,-0.03075570683932104
1950,0.06831427832967271
1951,0.055242124040504034
1952,-0.08118282564577206
1953,0.015600670926885286
1954,-0.06852986253151477
1955,0.006365486575918997
1956,0.09599261742559871
1957,-0.03834850604607888
1958,0.11721510843188664
1959,0.10077037737544106
1960,-0.09595621284937204
1961,0.012728092423086772
1962,-0.015163089233886665
1963,-0.0055853588541365995
1964,0.04003299591950017
1965,0.04376523508412837
1966,-0.10080481901041735
1967,0.055417092011271596
1968,-0.10739834895006148
1969,-0.01634040052905929
1970,0.020666002365349743
1971,-0.02771271426952765
1972,-0.08293564321676154
1973,0.024999106205315015
1974,0.0011862523512848912
1975,0.016071896203548
1976,0.00855123641884155
1977,0.009261934196690198
1978,-0.07893704101199925
1979,-0.02210483785085025
1980,-0.0023840961740348187
1981,-0.0827465758165768
1982,-0.05662371771125934
1983,0.022992639832758066
1984,-0.10445388534527845
1985,0.006907453687703487
1986,-0.06106400397485398
1987,-0.07693957803528328
1988,0.024773601841914416
1989,0.00644846118041231
1990,0.05153162675803074
1991,0.0753030029692659
1992,0.025143511592395012
1993,0.010920630152763606
1994,0.0662275338494667
1995,0.001534626264770864
1996,-0.019385308635537765
1997,0.07286699649289145
1998,0.03577614511344596
1999,0.010288935914643466
2000,0.08319426777245711
2001,-0.0906508501119356
2002,0.0023723962867327926
2003,0.022484792413484413
2004,0.03270049165046503
2005,0.007046049627035529
2006,-0.012058009726390899
2007,0.09330445780802181
2008,-0.07126504582401462
2009,0.01713387115462926
2010,-0.054373529265108786
2011,-0.06741658344234269
2012,0.024979867852709153
2013,-0.10541141086084783
2014,0.030334591054257565
2015,0.010422156576134252
2016,-0.05201295121172327
2017,0.0012334313340262102
2018,0.11282601372342639
2019,0.0010653128252921303
2020,0.044008296120271254
2021,0.0340661250216541
2022,0.03464024611158101
2023,-0.025116667497439443
2024,0.13359009460262086
2025,0.0169623345036862
2026,0.0430195287969444
2027,-0.012731965470044578
2028,0.16369639522153837
2029,-0.07825641350950721
2030,0.019504235341008522
2031,-0.018722594913019835
2032,-0.047376307691081726
2033,-0.04835922746339235
2034,0.06273963806412525
2035,0.06121296486008532
2036,0.01655518637501466
2037,-0.001667412356185791
2038,-0.03516820883201037
2039,-0.0333743080419609
2040,-0.04979716773432377
2041,0.009390522492968381
2042,-0.03507589616406264
2043,0.0090323749033908
2044,0.2107212663924944
2045,-0.0007678743472856837
2046,-0.05590300832131898
2047,-0.06053051202655132
2048,0.01897354480367078
2049,0.10739077223272762
2050,-0.008168024770603188
2051,0.07274199959699039
2052,0.0035756297784472475
2053,0.08213743938623462
2054,0.009712950738309356
2055,-0.023137399884356737
2056,-0.013243178094667794
2057,-0.04255185337200563
2058,-0.018211755336121852
2059,-0.032707465548734674
2060,0.07351967590570038
2061,0.10491618371590174
2062,-0.046224934611660044
2063,0.05797408079302984
2064,0.08322730068623051
2065,-0.09400520270121152
2066,-0.04468361575854632
2067,-0.07852423455927915
2068,0.04058957097523384
2069,-0.028479807209421663
2070,0.1570809356456446
2071,-0.006015181981739011
2072,-0.08918874577245121
2073,-0.05991619256859188
2074,-0.07252233814519489
2075,-0.018738553577037458
2076,-0.05661847285807261
2077,0.004111534299106317
2078,-0.047835491094096315
2079,-0.02279860725118582
2080,0.030423946332538837
2081,0.011179701312059462
2082,-0.05926542496764813
2083,-0.011916052592424242
2084,0.10256069142679183
2085,-0.047798339598062595
2086,0.022527201575504748
2087,0.06831592746527614
2088,0.007938561107811208
2089,-0.013898377383943141
2090,-0.031688204820979574
2091,-0.08146729906368802
2092,-0.05591090049724786
2093,0.024969988776282863
2094,0.01220712403696057
2095,0.049732803084330104
2096,0.0003726647818850594
2097,0.050517576873594636
2098,-0.02368368816805369
2099,0.039767816075622395
2100,0.045177324887894055
2101,0.1296751171169966
2102,0.0029882919349849455
2103,-0.04083107687150125
2104,0.10594579377223987
2105,0.050964450407168294
2106,-0.11970001084384616
2107,-0.009255314390308345
2108,0.033943881580846234
2109,-0.014917766222941015
2110,0.05160795601445993
2111,-0.05230379780177601
2112,0.023352570913128094
2113,0.17615147806417952
2114,0.046389452247482664
2115,-0.04358371887656348
2116,-0.04409490239978527
2117,-0.13315958828904023
2118,0.019282328424031187
2119,-0.001507372580312949
2120,0.018454993314236168
2121,-0.109949990054176
2122,-0.02744959691836989
2123,-0.025517268890206807
2124,0.018261625364248416
2125,0.09073249456699824
2126,0.009555999899313555
2127,-0.10148987437040864
2128,-0.05459453075234665
2129,-0.02456703781637384
2130,0.03768175674641024
2131,-0.07418163857110144
2132,0.07530328561153936
2133,-0.07711528050192049
2134,-0.10614733994995255
2135,-0.07015382291252899
2136,-0.13690255574673854
2137,-0.09242021500895153
2138,0.07810643163967625
2139,0.1266793788841878
2140,0.06350434874951899
2141,-0.014733912481653573
2142,0.061437055331136636
2143,-0.024632142790656748
2144,0.083064915589875
2145,0.03935340970088982
2146,-0.06439163503557312
2147,0.031560855446768975
2148,-0.12688139767274867
2149,-0.0226918666159208
2150,-0.006808931738289463
2151,0.0831214733980503
2152,0.00920260855092702
2153,0.07883601509720627
2154,0.054092616309691866
2155,0.01072554590476983
2156,0.05859208753750058
2157,0.058617025552762186
2158,0.030025880031263157
2159,0.010787202757337098
2160,-0.02487811100153442
2161,0.009118042273070745
2162,0.019767091061467963
2163,0.032999075116009045
2164,-0.06440818080093229
2165,-0.003946616088015519
2166,-0.044867165701139446
2167,-0.025797218018211308
2168,-0.04961408373514116
2169,-0.05069002489954636
2170,0.11056585594676478
2171,-0.10422048992516691
2172,0.03445821153281644
2173,0.011660512636938564
2174,-0.026888517994558225
2175,0.039704716530442406
2176,-0.007704374402114222
2177,-0.045261031415204454
2178,-0.006202304103978616
2179,-0.06158267817300798
2180,-0.16282402452731207
2181,-0.048109230722227676
2182,-0.10966574776322499
2183,-0.0029795339538044013
2184,0.01224844851865396
2185,-0.04394405091096962
2186,-0.10021352587944034
2187,0.06804171970074896
2188,0.050362522112226936
2189,-0.025245080054145306
2190,-0.08608637653189635
2191,0.08437772794726052
2192,-0.004171314662282683
2193,-0.030054997523867855
2194,-0.04589238507467049
2195,0.03692004839913693
2196,-0.02116258789307853
2197,-0.07123617388112266
2198,0.08190738675303078
2199,0.08159662452503394
2200,0.038756860459213414
2201,-0.05544530060678489
2202,-0.016555172741981646
2203,-0.07150356149159101
2204,0.13192150229742347
2205,-0.12477096763854874
2206,-0.07958556626199911
2207,0.1518506763012973
2208,0.031582408319144314
2209,0.0004929614459085904
2210,-0.017509708759200368
2211,0.026309782187689555
2212,-0.07126838814446665
2213,-0.08139777218119532
2214,0.025977534954679776
2215,0.10627992855725164
2216,-0.05633535112679306
2217,-0.03855535769454566
2218,0.039899982127813226
2219,-0.040901253267896245
2220,0.08627050708216097
2221,-0.015986333561103586
2222,0.06322512044548352
2223,-0.09038700545576975
2224,0.05673979002994781
2225,-0.0054136663040831885
2226,0.04713610805014257
2227,-0.024028072901075934
2228,-0.0027107869448037376
2229,0.13399671146399
2230,-0.010434633783306144
2231,-0.10367719260334497
2232,0.015857086388014786
2233,-0.06579667112242621
2234,0.08936323418612732
2235,-0.08058724916426882
2236,0.07236707892383476
2237,-0.03703188167284371
2238,0.009983181345656695
2239,0.06778265953439852
2240,0.014097568737390787
2241,-0.09750997549117904
2242,0.16480809073501904
2243,0.07555799210785012
2244,-0.0487986680978185
2245,0.08511437366924392
2246,-0.027552496968457865
2247,0.1104997000717398
2248,-0.029784988824958916
2249,0.005826300113742534
2250,-0.04833906566109825
2251,-0.007817916833717898
2252,0.051527473217977675
2253,0.012515774493644235
2254,0.03352709109504824
2255,-0.11356875634698305
2256,-0.06181471668751737
2257,-0.05291119904399464
2258,-0.05355518611422519
2259,-0.03616311418781278
2260,0.022335891661303724
2261,0.00807029213917863
2262,-0.10580679280905599
2263,0.11236032245205564
2264,0.05780965940264348
2265,-0.017135737297308454
2266,0.0011240736873887344
2267,-0.11654037542931651
2268,0.0131024793072043
2269,-0.031153522218532795
2270,0.009968203245291024
2271,0.041161511312353766
2272,0.04640305670027037
2273,-0.0798264145554419
2274,0.06007415142921976
2275,-0.13618506367519045
2276,-0.03686894536302824
2277,-0.04468953166270759
2278,-0.016836328945308537
2279,0.09836892358072849
2280,-0.09720396063551104
2281,0.0023543962294985555
2282,0.011247405924519085
2283,0.011488533245746686
2284,-0.009206835657155767
2285,0.07105621018657553
2286,0.05174688612640878
2287,-0.08944311597134055
2288,0.0521123897921921
2289,0.07588748270531451
2290,0.032373794126137063
2291,-0.07783718371963484
2292,-0.0011035534732335328
2293,0.035479682456603795
2294,0.021704616545464513
2295,-0.07146986532287301
2296,0.12104629017296482
2297,0.029599406427679813
2298,-0.03818302630382357
2299,-0.040083232964178664
2300,0.00045222121515063444
2301,0.024985112454926173
2302,0.06325443901627675
2303,0.042057201658800766
2304,0.06338570735719441
2305,0.12342712647070037
2306,0.04171712536779977
2307,-0.0478874144060877
2308,-0.007159330888705172
2309,0.01511235915650163
2310,0.026832212415281942
2311,-0.017614953991715452
2312,0.03508623521611162
2313,0.010956817755675176
2314,0.12066887395220212
2315,-0.03454538661786518
2316,0.06134015664582438
2317,0.054774435016913585
2318,-0.03118998260604931
2319,-0.04393190976177941
2320,0.14843667385625858
2321,0.037129526482688635
2322,-0.10495828123641125
2323,0.06899888635243724
2324,0.025267139300591674
2325,0.07716742243258276
2326,-0.027721813140955905
2327,0.12370156069159212
2328,0.10204535961785131
2329,0.060465506940659074
2330,0.054987565489144345
2331,-0.12857671949617008
2332,-0.1005716084013405
2333,-0.08267811246149732
2334,0.08632799702993216
2335,-0.0016195437229319881
2336,-0.04032824969497249
2337,-0.01318320958908796
2338,-0.03361565473494683
2339,0.00041673690279778294
2340,0.01658589467545742
2341,0.010294954128580738
2342,-0.023794414915535637
2343,-0.021168553197326564
2344,-0.07517560376521955
2345,-0.043082992993126935
2346,-0.01576096753240365
2347,-0.06101445672826614
2348,-0.005722855050520063
2349,-0.004087054069723656
2350,0.07485773428318615
2351,0.0595318046556567
2352,0.03163709484418473
2353,0.005506681028764359
2354,-0.027805847224077352
2355,0.043120330640060794
2356,-0.007913031724164073
2357,0.027883641861762926
2358,0.0026685379787791384
2359,0.01724235677725734
2360,0.03385874397404707
2361,-0.026000015007015743
2362,0.03308798419441941
2363,0.05185512056036722
2364,0.05450768137059906
2365,0.0038312315134793654
2366,-0.027362420352732873
2367,0.027610012344597843
2368,-0.038168946292683706
2369,0.06220000033129292
2370,-0.0706031256287493
2371,-0.11013636335394333
2372,0.026715559889854957
2373,-0.0356241225052989
2374,0.019043285105715787
2375,-0.12049104352475609
2376,0.001964507526782868
2377,-0.07434976300309311
2378,-0.09137713927584874
2379,0.04774034597518431
2380,0.007349197784342898
2381,0.06010393324587273
2382,-0.002584775877302851
2383,0.006564506269192677
2384,0.03999027046292069
2385,-0.113261292888063
2386,0.009238837262929463
2387,0.030136349953837932
2388,-0.040788258986493214
2389,0.02141499031625588
2390,-0.047109904750397155
2391,-0.04399414983893047
2392,0.01997170555189721
2393,0.06121312629244953
2394,0.07278951107129691
2395,0.0429880098504028
2396,-0.05186916154018663
2397,0.018803576774209792
2398,0.02446125870468605
2399,0.0004980103007581957
2400,0.09125256905826186
2401,0.005658985317987986
2402,-0.009829628298367355
2403,-0.07156818491072302
2404,-0.028285221564897486
2405,-0.013608740168387343
2406,-0.0687271883463779
2407,-0.03318675532560526
2408,0.22969715916686223
2409,-0.026670170562439508
2410,0.20035756011255623
2411,0.003237590651596866
2412,-0.14773036841354398
2413,-0.01950420468954858
2414,0.0339602280239859
2415,0.01895356271638201
2416,0.037078021362536295
2417,0.07368163857656708
2418,0.02171393355843487
2419,0.006084153454581748
2420,0.021653778223848875
2421,0.06436841304771655
2422,0.022896859490599195
2423,0.04576015230480843
2424,-0.03946731878200956
2425,-0.02161316311830923
2426,0.07553699091393488
2427,0.025590378005149753
2428,-0.05069773824118295
2429,-0.074753417835181
2430,0.031022221025648625
2431,-0.06184005246922739
2432,-0.08505966840038062
2433,-0.05121121169300009
2434,-0.002677325233847045
2435,-0.05512516973218912
2436,0.023558190723534298
2437,-0.09604769184985243
2438,0.015255812471031952
2439,-0.03990872720502493
2440,0.029409257232208382
2441,-0.04469097368351708
2442,0.04486426376137678
2443,0.06175953650551735
2444,-0.023077949461607024
2445,-0.07254085132095821
2446,-0.023207985800894563
2447,-0.038562910724334
2448,0.10002416997504138
2449,-0.07651084262481377
2450,-0.02275854478607306
2451,0.01049939651540913
2452,0.01402137992275456
2453,0.14080692722154917
2454,-0.00417343364798117
2455,-0.023140589455785836
2456,0.03440168661748802
2457,0.08487978945390359
2458,-0.028136472711348958
2459,-0.03658010490516886
2460,0.05304848115694298
2461,0.15474223936926684
2462,0.06955738464264656
2463,-0.10555162656677472
2464,-0.08125516970859915
2465,0.06596031322906412
2466,0.037415151942544696
2467,0.013676121683010268
2468,0.12197691523830032
2469,-0.03901964367343308
2470,-0.036718264908371115
2471,0.03076074213241947
2472,0.04830005670015695
2473,-0.12007232843292891
2474,-0.002080440170206148
2475,-0.06273775034220787
2476,0.01066135791991925
2477,-0.029279557351102086
2478,-0.005668887479296505
2479,-0.012052008353751085
2480,0.009912701782254634
2481,0.013369541557944635
2482,-0.021715089113299946
2483,-0.07286892533304497
2484,0.00840972389971587
2485,0.06400322208015126
2486,0.025637175486456058
2487,-0.05218732391487368
2488,0.0487417427757386
2489,0.014603637241941445
2490,-0.1002349892817259
2491,0.11598327394840198
2492,0.0015304020573254724
2493,-0.052427575657641314
2494,-0.008145836971574552
2495,0.09662254163449176
2496,0.009806131488899396
2497,-0.04324627882876868
2498,-0.07313226377052176
2499,0.07928283968942332
2500,0.036309543033354444
2501,-0.019773838054356088
2502,-0.015096607606997998
2503,-0.043693517910255525
2504,0.08887389513305147
2505,0.027146797935488683
2506,0.017547918341802332
2507,-0.03947575008279682
2508,0.03949891590607219
2509,-0.018761246913950015
